AA_seq,CloneFreq,prob,high,transformed_score
CASMSLAKNIQYF,0.083333,0.8034929037094116,True,0.0669574741448164
CASSPQGLAGYNEQFF,0.0625,0.9264098405838012,True,0.05790061503648757
CASSPTGGRRTGELFF,0.0625,0.8111335039138794,True,0.05069584399461746
CASSKSGGADTQYF,0.0625,0.8561767339706421,True,0.05351104587316513
CASRITGDKNSPLHF,0.0625,0.7951372861862183,True,0.04969608038663864
CASSRTTSGGSGAYNEQFF,0.0625,0.7892791628837585,True,0.04932994768023491
CASTPSEQETQSF,0.0625,0.8013144135475159,True,0.05008215084671974
CASSHFSGTVTYNEQFF,0.041667,0.791974663734436,True,0.03299920831382275
CASRGGTEAFF,0.020833,0.8475403189659119,True,0.01765680746501684
CASRGGTEAVF,0.020833,0.7937452793121338,True,0.016536095403909684
CSARGLAGDSYEQYF,0.020833,0.7408444881439209,True,0.015434013221502304
CASSSYLGAQDGYTF,0.020833,0.8348949551582336,True,0.01739336660081148
CASSFDRDAGANVLTF,0.020833,0.8885690569877625,True,0.018511559164226057
CARKSGSSYEQYF,0.020833,0.8721117973327637,True,0.018168705073833467
CASSPPSASGGEDTQYF,0.020833,0.8762632012367249,True,0.018255191271364688
CASRIVSVNTEAFF,0.020833,0.8529936075210571,True,0.017770415825486184
CASSVDPTGNIQYF,0.020833,0.8360037803649902,True,0.017416466756343844
CASTSLAGAPEQFF,0.020833,0.7997243404388428,True,0.016660657184362413
CASRPGQGDPTNEKLFF,0.020833,0.8625817894935608,True,0.01797016642051935
CASSAYSSNQPQHF,0.020833,0.7829293012619019,True,0.016310766133189204
CASSAIQGTHNEQFF,0.020833,0.8556285500526428,True,0.01782530958324671
CASSLVAADTQYF,0.020833,0.901423156261444,True,0.018779348614394665
CATYGGAGYNEQFF,0.020833,0.7752728462219238,True,0.01615125920534134
CASTPSEQENQYF,0.020833,0.9156310558319092,True,0.019075341786146165
CASSAGTSGNEQFF,0.020833,0.9263853430747986,True,0.01929938585227728
CASSQDTGLAGAGETQYF,0.020833,0.8107189536094666,True,0.016889707960546018
CAISEATGNSPLHF,0.020833,0.835837721824646,True,0.01741300725877285
CSARPTGSTNEKLFF,0.020833,0.7257492542266846,True,0.01511953421330452
CASHSDGGIGNTIYF,0.020833,0.8397275805473328,True,0.017494044685542585
CASSGEQGNYGYTF,0.020833,0.9319899678230286,True,0.019416146999657154
CASSSTGGSGEAFF,0.020833,0.8772634267807007,True,0.018276028970122336
CATSRAGGEETQYF,0.020833,0.9046837687492372,True,0.01884727695435286
