AA_seq,CloneFreq,prob,high
CSARGDWSNEQFF,0.138211,0.9838286638259888,True
CSARLNTEAFF,0.089431,0.9997978806495668,True
CNIVGTGDRNQPQHF,0.073171,0.8635433912277222,True
CAAYLQTNTEAFF,0.065041,0.9850401878356934,True
CASSDGTGFVNTEAFF,0.04878,0.94403475522995,True
CSVRVNTEAFF,0.03252,0.6700087189674377,True
CSVRVNTEAFF,0.03252,0.5731890797615051,False
CASSPTPRPHYGYTF,0.02439,0.9390687346458436,True
CNIVGTGALTDTQYF,0.02439,0.9855565428733826,True
CASSMSTTWGELFF,0.02439,0.928519368171692,True
CASGPGGDTIYF,0.02439,0.759908139705658,True
CASSYKEGGSETQYF,0.01626,0.5515428185462952,False
CASSMSTTSGELFF,0.01626,0.3477718532085418,False
CASSQVWLAGAPYYEQYF,0.01626,0.1781699061393737,False
CASSPGQGGFNEQFF,0.01626,0.1317837834358215,False
CASSLKLALNNEQFF,0.01626,0.9992369413375854,True
CAWTYSGVANYGYTF,0.01626,0.1245949938893318,False
CATSSARRQFF,0.01626,0.999854326248169,True
CASSSRRSNTEAFF,0.01626,0.8590230941772461,True
CASEHTGFSYNEQFF,0.01626,0.9957743287086488,True
CASSYSPSGRGDTQYF,0.01626,0.9842239618301392,True
CATSRPPDGDTEAFF,0.01626,0.8904396295547485,True
CASSILGYTEAFF,0.01626,0.9800499081611632,True
CASSDYAGGYNEQFF,0.01626,0.8999233841896057,True
CASSPGYTSGLNEQFF,0.01626,0.1857394874095916,False
CASSFTDTQYF,0.01626,0.9976767897605896,True
CSVTTGSGNTGELFF,0.01626,0.010238672606647,False
CAIGRGGANEKLFF,0.01626,0.1090259701013565,False
CASSLLSGRGGISGANVLTF,0.01626,0.6607620120048523,True
CSARDLAGGRSYEQYF,0.01626,0.9994089603424072,True
CASSLGGSGANVLTF,0.01626,0.2626673579216003,False
CSVRVNTEAFF,0.00813,0.6700087189674377,True
CSVRVNTEAFF,0.00813,0.5731890797615051,False
CASSDRQGRYTGELFF,0.00813,0.2695932984352112,False
CSAREDRQNSPLHF,0.00813,0.241378366947174,False
CASSQEAPRGRPYEQYF,0.00813,0.4162970185279846,False
CASSPRENTEAFF,0.00813,0.9379603266716005,True
CASSLDGNTGELVF,0.00813,0.2822437882423401,False
CSVHSVGGVETEAFF,0.00813,0.8389561772346497,True
CASSSTGQETQYF,0.00813,0.7486129403114319,True
CASSVEGQSDTEAFF,0.00813,0.726536750793457,True
CAVRDRESATNEKLFF,0.00813,0.3960562646389007,False
CASSLNGNTGELFF,0.00813,0.0105968937277793,False
CASSFGGNEQFF,0.00813,0.9999927282333374,True
CAEIGDEQFF,0.00813,0.191470593214035,False
CASSLRLAGYYNEQFF,0.00813,0.3688949048519134,False
CSVDHRVSEQFF,0.00813,0.5817650556564331,False
CSAISLSTEAFF,0.00813,0.9855565428733826,True
