AA_seq,CloneFreq,prob,high
CASSSGTSSSPSYNEQFF,0.17284,0.032111071050167,False
CASSPTFLRDEQFF,0.121399,0.6291221380233765,True
CASSLEGPKNNEQFF,0.106996,0.0940968170762062,False
CASSLESEAFF,0.065844,0.9443310499191284,True
CAIGDRVEMPQHF,0.049383,0.0417504012584686,False
CASSPGPFNQPQHF,0.041152,0.9556941986083984,True
CASIRGLAIHEQYF,0.039095,0.0520213730633258,False
CSVQGPNEKLFF,0.037037,0.023971127346158,False
CSVTRGMNTEAFF,0.034979,0.9906585216522216,True
CASSLDRGPYNEQFF,0.026749,0.0150379249826073,False
CASSPF,0.026749,0.2674658596515655,False
CASGFTGGTQHF,0.024691,0.8538954854011536,True
CASGFTGGTQHF,0.024691,0.5943379402160645,False
CASSPFGQGDEQYF,0.024691,0.1105657890439033,False
CASSSYRGHSDEQFF,0.024691,0.7614244222640991,True
CNIVGTGELQPQHF,0.024691,0.0017903894186019,False
CASSVTVGGETEAFF,0.022634,0.0940968170762062,False
CASRFGQGAWEQFF,0.020576,0.4522496163845062,False
CSLRKESSYEQYF,0.016461,0.0188419334590435,False
CASNPNSAYEQYF,0.016461,0.9047330617904664,True
CASSSRDGDQPQHF,0.014403,0.8452258706092834,True
CSARVDGRRYTF,0.012346,0.0039967382326722,False
CSVEGQEKLFF,0.012346,0.9983225464820862,True
CASAIGGGDQPQHF,0.010288,0.6157188415527344,True
CASSEGQGAGRLHF,0.010288,0.1500636786222458,False
CASSSGTSSSPSYNEQFV,0.00823,0.959618091583252,True
CATGTDNSNQPQHF,0.00823,0.976979434490204,True
CASSLTPANYEQYF,0.00823,0.1514394581317901,False
CASSPLGHEQYF,0.006173,0.3367379605770111,False
CASSYGSTSGEGVNTGELFF,0.004115,0.5542511940002441,False
CASGFTGGTQHF,0.004115,0.8538954854011536,True
CASGFTGGTQHF,0.004115,0.5943379402160645,False
CASSTLGHEQYF,0.002058,0.9681991338729858,True
CASAIGGGDPPQHF,0.002058,0.9897029995918274,True
