AA_seq,CloneFreq,prob,high
CASSPARGGETQYF,0.127273,0.8182031512260437,True
CATSRDGTDTQYF,0.090909,0.9977630376815796,True
CASSLYPGAHRWETQYF,0.081818,0.4573874175548553,False
CASSLLLNTEAFF,0.072727,0.9987106323242188,True
CSARPLGGAWANVLTF,0.054545,0.2012789398431778,False
CASSAWGFEKLFF,0.054545,0.1694582849740982,False
CATSDGGSYEQYF,0.054545,0.862094521522522,True
CASSVDGGGGGLDTQYF,0.054545,0.0140438051894307,False
CAIRAWEQETQYF,0.036364,0.9930374026298524,True
CASSWDRGLATDTQYF,0.036364,0.221751868724823,False
CASSYTGGEETQYF,0.036364,0.142501562833786,False
CSVTLDSIYTGELFF,0.018182,0.9999537467956544,True
CAIREQMNTEAFF,0.018182,0.8855941295623779,True
CASSQGSDEQFF,0.018182,0.9879911541938782,True
CASSQGYLETQYF,0.018182,0.2168642878532409,False
CASKSSGSYEQYF,0.018182,0.9991816878318788,True
CASSRDRGSLYQETQYF,0.018182,0.951303243637085,True
CAISLGGGPLNTEAFF,0.018182,0.6501756906509399,True
CASSLLLNTEACF,0.018182,0.1072247549891471,False
CASSPWTGASYEQYF,0.018182,0.998606026172638,True
CASSFGGTSAYEQYF,0.018182,0.3826967775821686,False
CASSPPERGGDTQYF,0.018182,0.9998761415481568,True
CASTPAPGTSTGELFF,0.009091,0.3433215618133545,False
CSARGGMSYKQYF,0.009091,0.9891746044158936,True
CVSSQQGSSYNSPLHF,0.009091,0.9595568180084229,True
CSAPDRNTGELFF,0.009091,0.0941694229841232,False
CASGSRNAGDTEAFF,0.009091,0.0067387949675321,False
CSGGLSQALGADPWEGLFLYKAVTLW,0.009091,0.3392024934291839,False
CASSRPALEQGNYGYTF,0.009091,0.9139378666877748,True
CASRLIDSFSYEQYF,0.009091,0.9927605390548706,True
CSARGGMSYEQYF,0.009091,0.4228371977806091,False
CASSKGYLETQYF,0.009091,0.912125051021576,True
CASSPSLQEDTEAFF,0.009091,0.7821652889251709,True
