AA_seq,CloneFreq,prob,high
CASSSWTGNAVKNIQYF,0.069364,0.9272173047065736,True
CASSRRGLTEAFF,0.057803,0.0673709064722061,False
CASSRSEVGILDTQYF,0.052023,0.0128349643200635,False
CASSLSGSFNTEAFF,0.046243,0.9419582486152648,True
CASSRDRADTEAFF,0.046243,0.3699486553668976,False
CSVTQGIRGYTF,0.046243,0.1688609421253204,False
CASSSSGGTGLNEQFF,0.034682,0.056217722594738,False
CASSLFGSAGGYRTEAFF,0.034682,0.0530464090406894,False
CSASRRSTDTQYF,0.034682,0.5200391411781311,False
CASSVSTSGGSNEQFF,0.034682,0.0958151295781135,False
CASSPGTGTYEQYF,0.034682,0.9942183494567872,True
CASSDRGRGSNYGYTF,0.034682,0.1588516682386398,False
CSARDRRNTIYF,0.034682,0.2022335082292556,False
CASSQGTSGGYNEQFF,0.034682,0.2622029185295105,False
CASSLGLQGNEQYF,0.028902,0.3191065788269043,False
CASSLVGGRTEAFF,0.023121,0.0281584933400154,False
CASSQDTGGRQPQHF,0.023121,0.9062874913215636,True
CASSAVSGMVEQFF,0.023121,0.2238526791334152,False
CASSQHKGPVEPQHF,0.023121,0.8533685803413391,True
CASSPSGRRGEKLFF,0.023121,0.0062265512533485,False
CASTLERQGSTDTQYF,0.023121,0.7366652488708496,True
CASSPSQEGGNTIYF,0.023121,0.9465797543525696,True
CASSSFLNTEAFF,0.023121,0.9366099238395692,True
CASSQAGTLPYEQYF,0.017341,0.0427147708833217,False
CASRSRGLTEAFF,0.011561,0.2930881381034851,False
CASSNRGERFF,0.011561,0.0036451313644647,False
CSASPGFRAKNIQYF,0.011561,0.3716965317726135,False
CASSSNNSPLHF,0.011561,0.0400969125330448,False
CASSQEGLQETQYF,0.011561,0.7872911095619202,True
CAIRSRGFLDNEQFF,0.011561,0.4218480885028839,False
CNIVGTGGGMSNQPQHF,0.011561,0.3778867721557617,False
CASSLIGTYNEQFF,0.011561,0.0726635679602623,False
CASSSARWTETQYF,0.011561,0.1043869480490684,False
CASRGYNEQFF,0.011561,0.6343250870704651,True
CASSSEQGGRSPLHF,0.011561,0.7793667316436768,True
CAWSSRHRSYNEQFF,0.011561,0.2271681427955627,False
CASSLLQVGSTGELFF,0.011561,0.0702729672193527,False
CASSLRQESTIEAFF,0.00578,0.4031198620796203,False
CASSQDENQPQHF,0.00578,0.8865469098091125,True
CASSYEMGYGYTF,0.00578,0.4276964962482452,False
CASSQDLRASGVQETQYF,0.00578,0.9978834986686708,True
