AA_seq,CloneFreq,prob,high
CASSQEARSNTGELFF,0.08,0.9913311004638672,True
CASSLGMGSEAFF,0.05,0.6995136737823486,True
CASSIGGQQFF,0.04,0.0475736632943153,False
CNIVGTGIGLKGVNTEAFF,0.04,0.2841008603572845,False
CASSLMGHGNIDEQYF,0.04,0.2757586240768432,False
CASKGATGELFF,0.04,0.9155257344245912,True
CASSPTGGNQPQHF,0.04,0.9820029735565186,True
CQQHLTVPNQPQHF,0.04,0.998734414577484,True
CASSFSHREDADRGRPYEQYF,0.04,0.3930177688598633,False
CSARSQGAGNSPLHF,0.04,0.9325225353240968,True
CASRYRRGGLLGSDTQYF,0.04,0.9886926412582396,True
CASSPTSGEPNNEQFF,0.04,0.2122848182916641,False
CANNLGTSGGRSTDTQYF,0.03,0.1552173495292663,False
CSARDLGRSSNQPQHF,0.03,0.1378215253353119,False
CASSPLDRVNTGELF,0.02,0.0309209004044532,False
CASSLGQGTDTQYF,0.02,0.040654432028532,False
CASSQGLTGNQPQHF,0.02,0.4154888987541199,False
CATSDSGRSELFF,0.02,0.8578339219093323,True
CAGALAGYGYTF,0.02,0.8686741590499878,True
CASSLTEGQGAHEKLFF,0.02,0.0197619292885065,False
CASSLGRGPDTQYF,0.02,0.9938748478889464,True
CASSSGGQGRNQPQHF,0.02,0.119261234998703,False
CASSQGTSGGVETQYF,0.02,0.0650654435157775,False
CASSPPDRTETQYF,0.02,0.3314518630504608,False
CASRTGVGYTF,0.02,0.9487923383712769,True
CASSAGGNQPQHF,0.02,0.1174584478139877,False
CNIVGTVKNSNQPQHF,0.01,0.1498075872659683,False
CSATSGGGSSYNEQFF,0.01,0.9881163835525512,True
CASSPTDRGRTEAFF,0.01,0.3383066952228546,False
CASVQGDYGYTF,0.01,0.9859948754310608,True
CASSLVGYQETQYF,0.01,0.0220294073224067,False
CSARYRGLLAGYNEQFF,0.01,0.0432326830923557,False
CASRSSASTDTQYF,0.01,0.0124439913779497,False
CASSYSRIGPDEQFF,0.01,0.9916884303092957,True
CASSLRGYEQYF,0.01,0.5813889503479004,False
CASSIEGYGTDTQYF,0.01,0.7578182220458984,True
CASCWGGRLNTEAYF,0.01,0.3960547745227813,False
CASTTPSGGADEQFF,0.01,0.3969222903251648,False
CAWSVSGSTEAFF,0.01,0.0297799818217754,False
CASSIAGGPYNEQFF,0.01,0.0686789527535438,False
CASRPGQISGNTIYF,0.01,0.2181103974580764,False
CSVVGVNRNTEAFF,0.01,0.4416983723640442,False
CASSLYGIPSYEQYF,0.01,0.9744243621826172,True
