AA_seq,CloneFreq,prob,high
CASSLGTSGSLQYF,0.072727,0.1173522844910621,False
CSVGTSGYNEQFF,0.060606,0.9899611473083496,True
CNIVGTPYNEQFF,0.048485,0.8593275547027588,True
CSASRGGSYNEQFF,0.042424,0.0816488787531852,False
CATSGLMGDTGELFF,0.036364,0.9740375280380248,True
CASSSAPSGSGNTIYF,0.036364,0.5724589824676514,False
CASRGPGQGPYNEQFF,0.036364,0.3195605278015136,False
CASSPSADRPSEQYF,0.036364,0.83319091796875,True
CSVPGTSGSPTHNEQFF,0.036364,0.0442569628357887,False
CNIVGTGSGEQFF,0.036364,0.2740626335144043,False
CASSLGGENTEAFF,0.030303,0.0035018206108361,False
CAISESRLADGNEQFF,0.030303,0.1243833750486373,False
CASRTTQGATNEKLFF,0.024242,0.179829716682434,False
CASSPLNQPQHF,0.024242,0.0844455361366272,False
CASSIRVHEQYF,0.024242,0.4965033531188965,False
CATRGRVYTDTQYF,0.024242,0.6527284979820251,True
CASSYSQVYNQPQHF,0.024242,0.3516457676887512,False
CASSSRGNLAGQFF,0.024242,0.0840208306908607,False
CASSEADDSPRREYF,0.024242,0.1799498945474624,False
CASSLGVASSGELFF,0.018182,0.5484057664871216,False
CASSLSVGYEQYF,0.018182,0.9931707382202148,True
CASSASGNTIYF,0.018182,0.8484446406364441,True
CSAYTLQGHEQYF,0.018182,0.0041742976754903,False
CAHAPLAGVREQYF,0.012121,0.3310430645942688,False
CASSTQVLYEQYF,0.012121,0.0981572568416595,False
CASSITRQETQYF,0.012121,0.99828439950943,True
CSAGQDYGYTF,0.012121,0.9000381827354431,True
CASSSLNTEAFF,0.012121,0.899435818195343,True
CASSPGPHYEQYF,0.012121,0.0663899928331375,False
CASSLQTSGDTQYF,0.012121,0.6933450102806091,True
CASSPGPNYEQYF,0.012121,0.9747684597969056,True
CASSFSGLAGAYEQYF,0.012121,0.6223015189170837,True
CSVEPDRGGEQYF,0.012121,0.0959178209304809,False
CNIVGTLNPGNTIYF,0.012121,0.9976378679275512,True
CASSLVRGQNYGYTF,0.012121,0.0910216644406318,False
CASSSPDRGHEQYF,0.012121,0.0747065544128418,False
CASRGGGAENYGYTF,0.012121,0.3110597729682922,False
CASSVIDNNEQFF,0.012121,0.8383537530899048,True
CASSQSLVAEQFF,0.012121,0.1321575343608856,False
CASSQGAVYEQYF,0.006061,0.5878491401672363,False
CSVSFGGGLNYGYTF,0.006061,0.8788436055183411,True
CASSRPGGATNEKLFF,0.006061,0.2584889233112335,False
CASSVSSAKNIQYF,0.006061,0.2249554395675659,False
CASSLARSGEQYF,0.006061,0.193995863199234,False
CASSSSGETEAFF,0.006061,0.9996520280838012,True
CASSHRTSGSLYEQFF,0.006061,0.175172671675682,False
CASSPRLSGLAGANEQFF,0.006061,0.4717826545238495,False
CASSSRPGLNYGYTF,0.006061,0.5139134526252747,False
CASSTGLGNQPQHF,0.006061,0.998408854007721,True
