AA_seq,CloneFreq,prob,high
CASSLDGLAKNIQYF,0.125,0.098034031689167,False
CASSLFQTLYNEQFF,0.0625,0.2831293642520904,False
CASSIDQGHINEQFF,0.0625,0.5082122087478638,False
CSARDRLAGELFF,0.046875,0.469207227230072,False
CASSPSDDSYEQYF,0.046875,0.1383532583713531,False
CASRPGVGNTGELFF,0.03125,0.8915131092071533,True
CASSLAGVGIVKQPQHF,0.03125,0.0293909013271331,False
CASSLAGVGIVKQPQHF,0.03125,0.991145670413971,True
CASSLALRTAYEQYF,0.03125,0.1439062803983688,False
CASSLEGKEQYF,0.03125,0.507937490940094,False
CASSLVGVYTDTQYF,0.03125,0.2243480384349823,False
CASNTVGSDTQYF,0.03125,0.3439112603664398,False
CATRGAGHSYGYTF,0.03125,0.1358234584331512,False
CASSFGSSRHYEQYF,0.03125,0.9203448295593262,True
CASSYPPGQGYEQYF,0.03125,0.2095259577035904,False
CATGQGGNTEAFF,0.03125,0.7515683770179749,True
CASSITGTSYNEQFF,0.03125,0.3004396855831146,False
CSVTSGSDTGELFF,0.03125,0.2358866930007934,False
CASSLIFYGYTF,0.03125,0.9994943141937256,True
CASSLSPGGDTQYF,0.03125,0.4346267879009247,False
CASSLSPRDGYTF,0.03125,0.4155533611774444,False
CASSPSTLETQYF,0.03125,0.2965619266033172,False
CASSLAGVGIVKQPQHF,0.03125,0.0293909013271331,False
CASSLAGVGIVKQPQHF,0.03125,0.991145670413971,True
CASSLTGVNTEAFF,0.03125,0.99978905916214,True
CASSYNGPGTDTQYF,0.015625,0.991145670413971,True
CASSSSGGRRETQYF,0.015625,0.2055436074733734,False
CASSLREGYTF,0.015625,0.1987266540527343,False
CRVRPGWNTEAFF,0.015625,0.4384649395942688,False
CASSQDLSLSGELFF,0.015625,0.7045556306838989,True
CSVSRGNAYEQYF,0.015625,0.9709390997886658,True
