Filename,Normalized KL Divergence,Hellinger Score,Cosine Similarity,Mean Score,Total Variation Distance
N41_2_control_cdr3_scores_filtered.txt,0.7892331176392062,0.7084777177844105,0.8674975671014061,0.6847254353523564,0.741263301135131
N43_1_control_cdr3_scores_filtered.txt,0.7826927009856457,0.7053274299256435,0.86245982429957,0.6744330142560708,0.7333989421524882
N42_0_control_cdr3_scores_filtered.txt,0.7868379584147323,0.70783601959719,0.8643788785572611,0.6695638884469638,0.737024206781753
